cluster,port,vm_name,username,email,password,email_recover,proxy
worker-1,31000,VM_1,,,,,
worker-1,31001,VM_2,,,,,
worker-1,31002,VM_3,,,,,
worker-1,31003,VM_4,,,,,
worker-1,31004,VM_5,,,,,
worker-1,31005,VM_6,,,,,
worker-1,31006,VM_7,,,,,
worker-1,31007,VM_7,,,,,
worker-1,31008,VM_8,,,,,
worker-1,31009,VM_9,,,,,
worker-1,31010,VM_10,,,,,
worker-1,31010,VM_10,,,,,
worker-1,31011,VM_11,,,,,
worker-1,31012,VM_12,,,,,
worker-1,31013,VM_13,,,,,
worker-1,31014,VM_14,,,,,
worker-1,31015,VM_15,,,,,
worker-1,31016,VM_16,,,,,
worker-1,31017,VM_17,,,,,
worker-1,31018,VM_18,,,,,
worker-1,31019,VM_19,,,,,
worker-1,31020,VM_20,,,,,
worker-1,31021,VM_21,,,,,
worker-1,31022,VM_22,,,,,
worker-1,31023,VM_23,,,,,
worker-1,31024,VM_24,,,,,
worker-1,31025,VM_25,,,,,
worker-1,31026,VM_26,,,,,
worker-1,31027,VM_27,,,,,
worker-1,31028,VM_28,,,,,
worker-1,31029,VM_29,,,,,
worker-1,31030,VM_30,,,,,
worker-1,31031,VM_31,,,,,
worker-1,31032,VM_32,,,,,
worker-1,31033,VM_33,,,,,
worker-1,31034,VM_34,,,,,
worker-1,31035,VM_35,,,,,
worker-1,31036,VM_36,,,,,
worker-1,31037,VM_37,,,,,
worker-1,31038,VM_38,,,,,
worker-1,31039,VM_39,,,,,
worker-1,31040,VM_40,,,,,
worker-1,31041,VM_41,,,,,
worker-1,31042,VM_42,,,,,
worker-1,31043,VM_43,,,,,
worker-1,31044,VM_44,,,,,
worker-1,31045,VM_45,,,,,
worker-1,31046,VM_46,,,,,
worker-1,31047,VM_47,,,,,
worker-1,31048,VM_48,,,,,
worker-1,31049,VM_49,,,,,